{
  "vectorizer": "count_binary",
  "model_results": {
    "custom_kmeans": {
      "aggregated": {
        "homogeneity": {
          "mean": 0.026423706875171694,
          "std": 0.01589380750922029,
          "min": 0.013173797929049174,
          "max": 0.05371224953130166
        },
        "completeness": {
          "mean": 0.0920338060793197,
          "std": 0.03317941987845689,
          "min": 0.05284685589698094,
          "max": 0.16018861056544706
        },
        "v_measure": {
          "mean": 0.04053510214487777,
          "std": 0.022127030538431885,
          "min": 0.021090181948422864,
          "max": 0.08044933170322094
        },
        "adjusted_rand": {
          "mean": 0.004479729668154948,
          "std": 0.00249739271747771,
          "min": 0.002747761864358532,
          "max": 0.00917606530602672
        },
        "silhouette": {
          "mean": 0.13453699568354066,
          "std": 0.087584610472088,
          "min": 0.004628394198106712,
          "max": 0.26845328202036944
        }
      },
      "seed_results": [
        {
          "seed": 0,
          "metrics": {
            "homogeneity": 0.0161365946298731,
            "completeness": 0.062398747187536525,
            "v_measure": 0.025642042562651762,
            "adjusted_rand": 0.002753339915469573,
            "silhouette": 0.18157242058969728
          },
          "inertia": 982569.6707836145,
          "runtime_sec": 39.220565249968786,
          "iterations": 61,
          "converged": true
        },
        {
          "seed": 1,
          "metrics": {
            "homogeneity": 0.017631024680189837,
            "completeness": 0.06664191525274894,
            "v_measure": 0.027884757633739352,
            "adjusted_rand": 0.002912999170453545,
            "silhouette": 0.17047138733102712
          },
          "inertia": 977502.538298552,
          "runtime_sec": 40.57813283300493,
          "iterations": 45,
          "converged": true
        },
        {
          "seed": 2,
          "metrics": {
            "homogeneity": 0.013173797929049174,
            "completeness": 0.05284685589698094,
            "v_measure": 0.021090181948422864,
            "adjusted_rand": 0.0029960552081232444,
            "silhouette": 0.0544173590241909
          },
          "inertia": 989346.6139611711,
          "runtime_sec": 39.40914399997564,
          "iterations": 14,
          "converged": true
        },
        {
          "seed": 3,
          "metrics": {
            "homogeneity": 0.05371224953130166,
            "completeness": 0.16018861056544706,
            "v_measure": 0.08044933170322094,
            "adjusted_rand": 0.00917606530602672,
            "silhouette": 0.10703853934461692
          },
          "inertia": 983045.1735540897,
          "runtime_sec": 45.264227791980375,
          "iterations": 32,
          "converged": true
        },
        {
          "seed": 4,
          "metrics": {
            "homogeneity": 0.02220462302406751,
            "completeness": 0.07807147860696066,
            "v_measure": 0.0345754915319266,
            "adjusted_rand": 0.0035273461500807805,
            "silhouette": 0.15554062457016263
          },
          "inertia": 986674.0248885304,
          "runtime_sec": 45.98832487501204,
          "iterations": 32,
          "converged": true
        },
        {
          "seed": 5,
          "metrics": {
            "homogeneity": 0.017363473834930986,
            "completeness": 0.09392691535563423,
            "v_measure": 0.029308865734680955,
            "adjusted_rand": 0.003033036636310253,
            "silhouette": 0.26845328202036944
          },
          "inertia": 983427.5069627591,
          "runtime_sec": 50.28286475001369,
          "iterations": 36,
          "converged": true
        },
        {
          "seed": 6,
          "metrics": {
            "homogeneity": 0.04873801975492929,
            "completeness": 0.1290653677832028,
            "v_measure": 0.07075669965338431,
            "adjusted_rand": 0.008610921874950729,
            "silhouette": 0.0960124531117946
          },
          "inertia": 981346.073360187,
          "runtime_sec": 47.43141920899507,
          "iterations": 79,
          "converged": true
        },
        {
          "seed": 7,
          "metrics": {
            "homogeneity": 0.017088885052327956,
            "completeness": 0.08315984755927278,
            "v_measure": 0.02835166168963772,
            "adjusted_rand": 0.0032215849375303762,
            "silhouette": 0.25583659054328617
          },
          "inertia": 987947.1582713726,
          "runtime_sec": 37.98183224996319,
          "iterations": 27,
          "converged": true
        },
        {
          "seed": 8,
          "metrics": {
            "homogeneity": 0.013749193631493937,
            "completeness": 0.0811153225987558,
            "v_measure": 0.02351290706389034,
            "adjusted_rand": 0.002747761864358532,
            "silhouette": 0.05139890610215488
          },
          "inertia": 986895.6527919057,
          "runtime_sec": 35.92467245901935,
          "iterations": 32,
          "converged": true
        },
        {
          "seed": 9,
          "metrics": {
            "homogeneity": 0.04443920668355347,
            "completeness": 0.11292299998665731,
            "v_measure": 0.0637790819272228,
            "adjusted_rand": 0.005818185618245738,
            "silhouette": 0.004628394198106712
          },
          "inertia": 984728.9333507892,
          "runtime_sec": 37.445417166047264,
          "iterations": 44,
          "converged": true
        }
      ]
    },
    "sklearn_kmeans": {
      "aggregated": {
        "homogeneity": {
          "mean": 0.023442428941905714,
          "std": 0.014351054236512015,
          "min": 0.015064196220923072,
          "max": 0.05337213888242493
        },
        "completeness": {
          "mean": 0.07994094819271368,
          "std": 0.03190618292600605,
          "min": 0.0545429959896532,
          "max": 0.15182427594522335
        },
        "v_measure": {
          "mean": 0.03598311430679405,
          "std": 0.020100176160231187,
          "min": 0.023975540167568265,
          "max": 0.07897980428438012
        },
        "adjusted_rand": {
          "mean": 0.003983816877922542,
          "std": 0.002246523070432635,
          "min": 0.002652444021017885,
          "max": 0.0089399703185504
        },
        "silhouette": {
          "mean": 0.12525242159494493,
          "std": 0.10166483731645912,
          "min": -0.05157179799890901,
          "max": 0.26179400095692335
        }
      },
      "seed_results": [
        {
          "seed": 0,
          "metrics": {
            "homogeneity": 0.016675916232612338,
            "completeness": 0.08071713093698966,
            "v_measure": 0.027641236272195835,
            "adjusted_rand": 0.003205735342572345,
            "silhouette": 0.26179400095692335
          },
          "inertia": 985265.3024706931,
          "runtime_sec": 4.296824750024825,
          "iterations": null,
          "converged": null
        },
        {
          "seed": 1,
          "metrics": {
            "homogeneity": 0.017907470865465073,
            "completeness": 0.06749034573790408,
            "v_measure": 0.028304737710448696,
            "adjusted_rand": 0.002952588501533015,
            "silhouette": 0.1677313872049541
          },
          "inertia": 978856.3090675562,
          "runtime_sec": 4.584185249987058,
          "iterations": null,
          "converged": null
        },
        {
          "seed": 2,
          "metrics": {
            "homogeneity": 0.05337213888242493,
            "completeness": 0.15182427594522335,
            "v_measure": 0.07897980428438012,
            "adjusted_rand": 0.0089399703185504,
            "silhouette": 0.13114489531600787
          },
          "inertia": 979779.3214498956,