{
  "vectorizer": "tfidf_default",
  "model_results": {
    "custom_kmeans": {
      "aggregated": {
        "homogeneity": {
          "mean": 0.2935844123867544,
          "std": 0.008903077439174368,
          "min": 0.2805199181590429,
          "max": 0.30803145989676733
        },
        "completeness": {
          "mean": 0.36948384853507393,
          "std": 0.010357971020686165,
          "min": 0.3557365602892577,
          "max": 0.39020230727826877
        },
        "v_measure": {
          "mean": 0.3271137088649739,
          "std": 0.007967386097946259,
          "min": 0.31473333961382155,
          "max": 0.33670827079982857
        },
        "adjusted_rand": {
          "mean": 0.07328942185430551,
          "std": 0.009113795141381135,
          "min": 0.06260676372289906,
          "max": 0.08944837591732209
        },
        "silhouette": {
          "mean": 0.004775191471456061,
          "std": 0.002395502945170772,
          "min": 0.00043129307863449146,
          "max": 0.00690373384985004
        }
      },
      "seed_results": [
        {
          "seed": 0,
          "metrics": {
            "homogeneity": 0.29350361760572463,
            "completeness": 0.3599508812320499,
            "v_measure": 0.32334886664603985,
            "adjusted_rand": 0.08312328105960677,
            "silhouette": 0.0013326366036460892
          },
          "inertia": 17704.689636827385,
          "runtime_sec": 24.821764042018913,
          "iterations": 49,
          "converged": true
        },
        {
          "seed": 1,
          "metrics": {
            "homogeneity": 0.29963962082558154,
            "completeness": 0.3703462911356585,
            "v_measure": 0.3312619572110316,
            "adjusted_rand": 0.08062240180050195,
            "silhouette": 0.002931629165893647
          },
          "inertia": 17699.60438308622,
          "runtime_sec": 20.407343583996408,
          "iterations": 46,
          "converged": true
        },
        {
          "seed": 2,
          "metrics": {
            "homogeneity": 0.30803145989676733,
            "completeness": 0.36320181100992377,
            "v_measure": 0.3333493404801409,
            "adjusted_rand": 0.08944837591732209,
            "silhouette": 0.00043129307863449146
          },
          "inertia": 17704.967437078667,
          "runtime_sec": 15.54296550003346,
          "iterations": 35,
          "converged": true
        },
        {
          "seed": 3,
          "metrics": {
            "homogeneity": 0.29611319992713514,
            "completeness": 0.39020230727826877,
            "v_measure": 0.33670827079982857,
            "adjusted_rand": 0.06380388037949816,
            "silhouette": 0.00690373384985004
          },
          "inertia": 17701.842142497102,
          "runtime_sec": 22.84155341598671,
          "iterations": 59,
          "converged": true
        },
        {
          "seed": 4,
          "metrics": {
            "homogeneity": 0.2932656044032857,
            "completeness": 0.37432868844582334,
            "v_measure": 0.32887557679396096,
            "adjusted_rand": 0.0729918115690989,
            "silhouette": 0.006685261700144631
          },
          "inertia": 17705.82271300882,
          "runtime_sec": 17.533273875014856,
          "iterations": 82,
          "converged": true
        },
        {
          "seed": 5,
          "metrics": {
            "homogeneity": 0.28405906225751143,
            "completeness": 0.3612646337986613,
            "v_measure": 0.31804346789310617,
            "adjusted_rand": 0.06369470045054089,
            "silhouette": 0.006650159840376456
          },
          "inertia": 17708.642329124592,
          "runtime_sec": 18.085740750015248,
          "iterations": 31,
          "converged": true
        },
        {
          "seed": 6,
          "metrics": {
            "homogeneity": 0.2822055186155765,
            "completeness": 0.3557365602892577,
            "v_measure": 0.31473333961382155,
            "adjusted_rand": 0.06907693218595161,
            "silhouette": 0.005847984617496649
          },
          "inertia": 17706.265866122492,
          "runtime_sec": 17.222459916956723,
          "iterations": 67,
          "converged": true
        },
        {
          "seed": 7,
          "metrics": {
            "homogeneity": 0.3010331935375829,
            "completeness": 0.3802584936377788,
            "v_measure": 0.33603941120774894,
            "adjusted_rand": 0.07704377930376471,
            "silhouette": 0.005661552648669816
          },
          "inertia": 17702.60351970037,
          "runtime_sec": 25.04631970799528,
          "iterations": 64,
          "converged": true
        },
        {
          "seed": 8,
          "metrics": {
            "homogeneity": 0.2805199181590429,
            "completeness": 0.36765656305983474,
            "v_measure": 0.3182311977325601,
            "adjusted_rand": 0.06260676372289906,
            "silhouette": 0.006738138859540585
          },
          "inertia": 17700.678344384658,
          "runtime_sec": 24.776210582989734,
          "iterations": 43,
          "converged": true
        },
        {
          "seed": 9,
          "metrics": {
            "homogeneity": 0.2974729286393361,
            "completeness": 0.37189225546348276,
            "v_measure": 0.33054566027150045,
            "adjusted_rand": 0.07048229215387104,
            "silhouette": 0.004569524350308203
          },
          "inertia": 17704.263662739642,
          "runtime_sec": 21.890943417034578,
          "iterations": 45,
          "converged": true
        }
      ]
    },
    "sklearn_kmeans": {
      "aggregated": {
        "homogeneity": {
          "mean": 0.29536890110725633,
          "std": 0.018333301881268086,
          "min": 0.2651901409733099,
          "max": 0.3128109151870644
        },
        "completeness": {
          "mean": 0.3697495129458127,
          "std": 0.020335811207144724,
          "min": 0.3354181930629236,
          "max": 0.3898305312236855
        },
        "v_measure": {
          "mean": 0.3283519097696186,
          "std": 0.018948165329027048,
          "min": 0.2961983471178521,
          "max": 0.34624864029163566
        },
        "adjusted_rand": {
          "mean": 0.07502738483737388,
          "std": 0.007663710986866663,
          "min": 0.06140116463249849,
          "max": 0.08716823692389185
        },
        "silhouette": {
          "mean": 0.0052595418771002505,
          "std": 0.0014370805004838714,
          "min": 0.0032509935499496533,
          "max": 0.00819802229833561
        }
      },
      "seed_results": [
        {
          "seed": 0,
          "metrics": {
            "homogeneity": 0.2796502330131546,
            "completeness": 0.35140833576554464,
            "v_measure": 0.3114494528448799,
            "adjusted_rand": 0.0699417657288534,
            "silhouette": 0.005875105793093379
          },
          "inertia": 17708.963939588313,
          "runtime_sec": 3.72965029097395,
          "iterations": null,
          "converged": null
        },
        {
          "seed": 1,
          "metrics": {
            "homogeneity": 0.2793623872032527,
            "completeness": 0.3422668136371052,
            "v_measure": 0.3076318615304818,
            "adjusted_rand": 0.06847267752952309,
            "silhouette": 0.004499598820908487
          },
          "inertia": 17706.43907186467,
          "runtime_sec": 2.5596584159648046,
          "iterations": null,
          "converged": null
        },
        {
          "seed": 2,
          "metrics": {
            "homogeneity": 0.2651901409733099,
            "completeness": 0.3354181930629236,
            "v_measure": 0.2961983471178521,
            "adjusted_rand": 0.06934661941736474,
            "silhouette": 0.003664629747060621
          },
          "inertia": 17710.56230021113,
          "runtime_sec": 2.8951090840273537,