{
  "vectorizer": "tfidf_bigram",
  "model_results": {
    "custom_kmeans": {
      "aggregated": {
        "homogeneity": {
          "mean": 0.25959564395757695,
          "std": 0.012982875267863445,
          "min": 0.2409762211753779,
          "max": 0.2819416991365188
        },
        "completeness": {
          "mean": 0.36834032733207306,
          "std": 0.017803325823750084,
          "min": 0.32817423669258433,
          "max": 0.39316850141172077
        },
        "v_measure": {
          "mean": 0.3044819983460373,
          "std": 0.014294309561684896,
          "min": 0.28036391936103944,
          "max": 0.32839259500140994
        },
        "adjusted_rand": {
          "mean": 0.055494758555940084,
          "std": 0.007326846881370512,
          "min": 0.04749208279705971,
          "max": 0.06729521517096108
        },
        "silhouette": {
          "mean": 0.023101145245272688,
          "std": 0.005608278802857418,
          "min": 0.016294826659337944,
          "max": 0.03498548155131786
        }
      },
      "seed_results": [
        {
          "seed": 0,
          "metrics": {
            "homogeneity": 0.2501495666136487,
            "completeness": 0.3699402851361116,
            "v_measure": 0.2984741702790291,
            "adjusted_rand": 0.053641354125030676,
            "silhouette": 0.02455903809181612
          },
          "inertia": 2816.883483121698,
          "runtime_sec": 26.061342249973677,
          "iterations": 66,
          "converged": true
        },
        {
          "seed": 1,
          "metrics": {
            "homogeneity": 0.26298170060844944,
            "completeness": 0.3735568148513398,
            "v_measure": 0.3086650817115774,
            "adjusted_rand": 0.05089021747994816,
            "silhouette": 0.02453032567298702
          },
          "inertia": 2824.4266248637155,
          "runtime_sec": 25.45926012500422,
          "iterations": 56,
          "converged": true
        },
        {
          "seed": 2,
          "metrics": {
            "homogeneity": 0.25968526980872186,
            "completeness": 0.36728785725934193,
            "v_measure": 0.3042530602735234,
            "adjusted_rand": 0.053624980106368805,
            "silhouette": 0.023052612650405955
          },
          "inertia": 2821.2099247366978,
          "runtime_sec": 28.09880370902829,
          "iterations": 113,
          "converged": true
        },
        {
          "seed": 3,
          "metrics": {
            "homogeneity": 0.277131403535897,
            "completeness": 0.3819875121524634,
            "v_measure": 0.3212189268318616,
            "adjusted_rand": 0.0664768398724386,
            "silhouette": 0.01739891251187183
          },
          "inertia": 2821.8365708351066,
          "runtime_sec": 21.092028666986153,
          "iterations": 31,
          "converged": true
        },
        {
          "seed": 4,
          "metrics": {
            "homogeneity": 0.2819416991365188,
            "completeness": 0.39316850141172077,
            "v_measure": 0.32839259500140994,
            "adjusted_rand": 0.06729521517096108,
            "silhouette": 0.022952377553994045
          },
          "inertia": 2824.180656829275,
          "runtime_sec": 30.17350279202219,
          "iterations": 80,
          "converged": true
        },
        {
          "seed": 5,
          "metrics": {
            "homogeneity": 0.26349175421072596,
            "completeness": 0.38399706096301345,
            "v_measure": 0.31253067800949746,
            "adjusted_rand": 0.04964224172648316,
            "silhouette": 0.028416364680445255
          },
          "inertia": 2824.6139298235216,
          "runtime_sec": 26.945195041014813,
          "iterations": 101,
          "converged": true
        },
        {
          "seed": 6,
          "metrics": {
            "homogeneity": 0.254543540676116,
            "completeness": 0.3583723726407425,
            "v_measure": 0.2976635803721299,
            "adjusted_rand": 0.05662239364581031,
            "silhouette": 0.020698050054445746
          },
          "inertia": 2827.1678585463987,
          "runtime_sec": 23.791216833051294,
          "iterations": 49,
          "converged": true
        },
        {
          "seed": 7,
          "metrics": {
            "homogeneity": 0.24471275281841942,
            "completeness": 0.32817423669258433,
            "v_measure": 0.28036391936103944,
            "adjusted_rand": 0.04749208279705971,
            "silhouette": 0.016294826659337944
          },
          "inertia": 2820.360068723957,
          "runtime_sec": 34.428520083019976,
          "iterations": 104,
          "converged": true
        },
        {
          "seed": 8,
          "metrics": {
            "homogeneity": 0.2603425309918945,
            "completeness": 0.3660675438975958,
            "v_measure": 0.30428294407333617,
            "adjusted_rand": 0.06149029432582454,
            "silhouette": 0.018123463026105083
          },
          "inertia": 2821.0474787255553,
          "runtime_sec": 22.844374915992375,
          "iterations": 45,
          "converged": true
        },
        {
          "seed": 9,
          "metrics": {
            "homogeneity": 0.2409762211753779,
            "completeness": 0.36085108831581675,
            "v_measure": 0.2889750275469689,
            "adjusted_rand": 0.04777196630947579,
            "silhouette": 0.03498548155131786
          },
          "inertia": 2822.063819222007,
          "runtime_sec": 28.32781770901056,
          "iterations": 103,
          "converged": true
        }
      ]
    },
    "sklearn_kmeans": {
      "aggregated": {
        "homogeneity": {
          "mean": 0.26756741391549754,
          "std": 0.018073874691389134,
          "min": 0.23610703370272093,
          "max": 0.2949605022075735
        },
        "completeness": {
          "mean": 0.3855699137059208,
          "std": 0.018764356142971783,
          "min": 0.35414387275448667,
          "max": 0.4165287870853599
        },
        "v_measure": {
          "mean": 0.3157725304822764,
          "std": 0.018013062301369415,
          "min": 0.28951844191977233,
          "max": 0.3453587905580562
        },
        "adjusted_rand": {
          "mean": 0.0556033374277234,
          "std": 0.005669030889632021,
          "min": 0.045774578857906735,
          "max": 0.06432052720129695
        },
        "silhouette": {
          "mean": 0.019180576727631685,
          "std": 0.007552067325405511,
          "min": 0.006558174492629865,
          "max": 0.027203266773903483
        }
      },
      "seed_results": [
        {
          "seed": 0,
          "metrics": {
            "homogeneity": 0.2571392430419606,
            "completeness": 0.35414387275448667,
            "v_measure": 0.29794471666173367,
            "adjusted_rand": 0.057247686124480494,
            "silhouette": 0.016434011349407238
          },
          "inertia": 2820.6079147715463,
          "runtime_sec": 5.209155709017068,
          "iterations": null,
          "converged": null
        },
        {
          "seed": 1,
          "metrics": {
            "homogeneity": 0.23610703370272093,
            "completeness": 0.37415970055217784,
            "v_measure": 0.28951844191977233,
            "adjusted_rand": 0.045774578857906735,
            "silhouette": 0.027203266773903483
          },
          "inertia": 2824.877166724331,
          "runtime_sec": 4.92842524999287,
          "iterations": null,
          "converged": null
        },
        {
          "seed": 2,
          "metrics": {
            "homogeneity": 0.2700498388159878,
            "completeness": 0.3766313538731472,
            "v_measure": 0.3145575827976279,
            "adjusted_rand": 0.05123038851287669,
            "silhouette": 0.021532353669133763
          },
          "inertia": 2813.2870097706764,
          "runtime_sec": 5.0950909170205705,